{
  "info": {
    "name": "Gbero Wallet (Flutterwave)",
    "_postman_id": "728b9c72-b70f-437c-86c2-d3f3b1f84ea8",
    "description": "Collection to test Gbero Wallet Starter. Use with the provided Environment (set baseURL).",
    "schema": "https://schema.getpostman.com/json/collection/v2.1.0/collection.json"
  },
  "variable": [
    {
      "key": "baseURL",
      "value": "http://localhost:4000"
    }
  ],
  "item": [
    {
      "name": "Create Virtual Account",
      "request": {
        "method": "POST",
        "header": [
          {
            "key": "Content-Type",
            "value": "application/json"
          }
        ],
        "body": {
          "mode": "raw",
          "raw": "{\"userId\": \"rider-001\", \"email\": \"rider@example.com\", \"bvn\": \"\"}"
        },
        "url": {
          "raw": "{{baseURL}}/api/wallet/virtual-account",
          "host": [
            "{{baseURL}}"
          ],
          "path": [
            "api",
            "wallet",
            "virtual-account"
          ]
        }
      }
    },
    {
      "name": "Fund via Standard Checkout (init)",
      "request": {
        "method": "POST",
        "header": [
          {
            "key": "Content-Type",
            "value": "application/json"
          }
        ],
        "body": {
          "mode": "raw",
          "raw": "{\"userId\": \"rider-001\", \"email\": \"rider@example.com\", \"amount\": 2000}"
        },
        "url": {
          "raw": "{{baseURL}}/api/wallet/fund",
          "host": [
            "{{baseURL}}"
          ],
          "path": [
            "api",
            "wallet",
            "fund"
          ]
        }
      }
    },
    {
      "name": "Verify Transaction (paste flwTxId)",
      "request": {
        "method": "GET",
        "header": [],
        "url": {
          "raw": "{{baseURL}}/api/wallet/verify/{{flwTxId}}",
          "host": [
            "{{baseURL}}"
          ],
          "path": [
            "api",
            "wallet",
            "verify",
            "{{flwTxId}}"
          ]
        }
      }
    },
    {
      "name": "Payout to bank",
      "request": {
        "method": "POST",
        "header": [
          {
            "key": "Content-Type",
            "value": "application/json"
          }
        ],
        "body": {
          "mode": "raw",
          "raw": "{\"userId\": \"driver-001\", \"amount\": 1500, \"bankCode\": \"044\", \"accountNumber\": \"0690000031\", \"narration\": \"Gbero payout test\"}"
        },
        "url": {
          "raw": "{{baseURL}}/api/wallet/payout",
          "host": [
            "{{baseURL}}"
          ],
          "path": [
            "api",
            "wallet",
            "payout"
          ]
        }
      }
    },
    {
      "name": "Hold (escrow)",
      "request": {
        "method": "POST",
        "header": [
          {
            "key": "Content-Type",
            "value": "application/json"
          }
        ],
        "body": {
          "mode": "raw",
          "raw": "{\"riderId\": \"rider-001\", \"tripId\": \"trip-123\", \"amount\": 1200}"
        },
        "url": {
          "raw": "{{baseURL}}/api/wallet/hold",
          "host": [
            "{{baseURL}}"
          ],
          "path": [
            "api",
            "wallet",
            "hold"
          ]
        }
      }
    },
    {
      "name": "Release (escrow \u2192 driver)",
      "request": {
        "method": "POST",
        "header": [
          {
            "key": "Content-Type",
            "value": "application/json"
          }
        ],
        "body": {
          "mode": "raw",
          "raw": "{\"tripId\": \"trip-123\", \"driverId\": \"driver-001\"}"
        },
        "url": {
          "raw": "{{baseURL}}/api/wallet/release",
          "host": [
            "{{baseURL}}"
          ],
          "path": [
            "api",
            "wallet",
            "release"
          ]
        }
      }
    }
  ]
}